Benchmark,Steady Percentage
org_eclipseproj_eclipse-collectionsmethod_org.eclipse.collections.impl.jmh.map.ChainMapPutTest.ecparams_isPresized=true&loadFactor=0.75f&size=750000,"([0.875, 0.8453333333333334, 0.857, 0.8573333333333333, 0.8713333333333333, 0.5406666666666666, 0.864, 0.8566666666666667, 0.8573333333333333, 0.8503333333333334], [32.76033228800001, 39.77196339200002, 37.496750079999956, 36.49703116799999, 32.06787891200003, 94.5299783680001, 34.71677849599999, 41.106964479999995, 38.22039859200003, 39.62470399999998], [True, True, True, True, True, False, True, True, True, True], [True, False, False, True, False, True, True, True, True, True])"
